{
	"package": {
		"name": "liblsl-Python",
		"repo": "LSL",
		"subject": "labstreaminglayer",
        "desc": "Travis CI build of liblsl-Python for MacOS",
        "website_url": "https://github.com/labstreaminglayer/liblsl-Python",
        "issue_tracker_url": "https://github.com/labstreaminglayer/liblsl-Python/issues",
		"vcs_url": "https://github.com/labstreaminglayer/liblsl-Python.git",
		"licenses": ["MIT"]
	},

	"version": {
		"name": "1.13.0.rc6",
        "desc": "Python bindings for lsl"
	},

	"files": [{
		"includePattern": "\./dist/(.*\\.whl)",
		"uploadPattern": "$1",
		"matrixParams": {
			"override": 1
		}
	}],
	"publish": true
}
